DROP TABLE IF EXISTS parkInfo;
CREATE TABLE parkInfo (park_id INT, colorRank INT, pool BOOLEAN, shade BOOLEAN, dogFriendly BOOLEAN, basketballCourt BOOLEAN, soccerField BOOLEAN, tennisCourt BOOLEAN, bikeFriendly BOOLEAN, skatePark BOOLEAN, playground BOOLEAN, create_date DATETIME, update_date DATETIME, PRIMARY KEY(park_id));
INSERT INTO parkInfo VALUES (1, 1, false, true, false, false, true, false, true, false, true, "2019-11-14", "2019-11-14");
INSERT INTO parkInfo VALUES (2, 1, false, true, true, false, false, true, true, false, false, "2019-11-14", "2019-11-14");
INSERT INTO parkInfo VALUES (3, 2, false, true, true, false, false, false, true, false, true, "2019-11-14", "2019-11-14");
INSERT INTO parkInfo VALUES (4, 0, false, true, true, true, true, true, true, false, false, "2019-11-14", "2019-11-14");
INSERT INTO parkInfo VALUES (5, 1, false, true, true, false, false, false, true, false, true, "2019-11-14", "2019-11-14");
INSERT INTO parkInfo VALUES (6, 2, true, true, true, true, true, true, true, false, true, "2019-11-14", "2019-11-14");
INSERT INTO parkInfo VALUES (7, 0, false, true, false, false, false, true, false, true, true, "2019-11-14", "2019-11-14");
INSERT INTO parkInfo VALUES (8, 1, false, true, true, true, false, false, true, false, true, "2019-11-14", "2019-11-14");
INSERT INTO parkInfo VALUES (9, 2, false, true, true, true, true, true, true, false, false, "2019-11-14", "2019-11-14");
INSERT INTO parkInfo VALUES (10, 0, true, true, true, true, false, true, true, false, true, "2019-11-14", "2019-11-14");
INSERT INTO parkInfo VALUES (11, 1, false, false, false, false, false, false, false, true, false, "2019-11-14", "2019-11-14");
DROP TABLE IF EXISTS account;
CREATE TABLE account (user_id INT AUTO_INCREMENT, username VARCHAR(16), f_name VARCHAR(50), l_name VARCHAR(50), passwordHash CHAR(128), passwordSalt CHAR(16), create_date DATETIME, update_date DATETIME, PRIMARY KEY(user_id));
INSERT INTO account (username, f_name, l_name, passwordHash, passwordSalt, create_date, update_date) VALUES ("test", "test", "test", "e1c4c9419e30dd78ade4b6f4fb9bcb2c4c16d1141302a90a38fb03292e55a34d13a099675407492e6ae5a56b889486806c6a2f4a5ff8c9b1052fe22595c703fd", "5cbc0d62c8da76f5", "2019-11-13", "2019-11-25");
INSERT INTO account (username, f_name, l_name, passwordHash, passwordSalt, create_date, update_date) VALUES ("rkennedy", "ryan", "kennedy", "58235b26a59fed5cd47eb9a4fc9178ad8644bd31621058ba5dea0d5eacb8f30580e3b1a5fbb66fbeb86fd11b334ca50bca12e6008262361c353e6395d342eb3e", "48d50f47cad80ac0", "2019-11-14", "2019-11-25");
INSERT INTO account (username, f_name, l_name, passwordHash, passwordSalt, create_date, update_date) VALUES ("wilder782", "Wilder", "Mason", "9475a6b818183ed0c9caf9a076121034fc30096f1dd5c75595e943d0e91a7eec97fc40f7c921b6ffa1f5fda6cb28ec5c4d508a81b99bb82298ef79d1ae43f3e2", "91334d95f44b39be", "2019-11-16", "2019-11-25");
INSERT INTO account (username, f_name, l_name, passwordHash, passwordSalt, create_date, update_date) VALUES ("asmith747", "Austin", "Smith", "854901fecd6abf96a988040a5b6f381670efb1f7c433299ae58bfc6f21a40e5e7b796225237451937b2e205cbe1815e0a2ea82827d90f16178d5407708600e87", "58abe63db23feaa9", "2019-11-16", "2019-11-25");
DROP TABLE IF EXISTS rating;
CREATE TABLE rating (park_id INT, createdBy INT, accessibility INT, atmosphere INT,noise INT,cleanliness INT,equipment INT,shade BOOLEAN,pet_friendliness INT, crowd INT, review VARCHAR(500), create_date DATETIME, update_date DATETIME, PRIMARY KEY(park_id, createdBy));
INSERT INTO rating VALUES (1, 3, 1, 1, 1, 1, 1, true, 1, 4, "I had fun", "2019-11-16", "2019-11-16");
INSERT INTO rating VALUES (1, 2, 5, 7, 3, 8, 5, true, 9, 3, "It was dirty, but okay", "2019-11-16", "2019-11-16");
INSERT INTO rating VALUES (1, 4, 10, 10, 10, 10, 10, true, 10, 7, "It was good", "2019-11-16", "2019-11-16");
INSERT INTO rating VALUES (2, 2, 5, 7, 3, 8, 5, true, 9, 3, "It was dirty, but okay", "2019-11-16", "2019-11-16");
INSERT INTO rating VALUES (2, 3, 5, 3, 5, 6, 1, false, 7, 6, "It was sandy, but okay", "2019-12-5", "2019-12-5");
INSERT INTO rating VALUES (3, 2, 10, 10, 10, 10, 10, true, 10, 7, "It was good", "2019-11-16", "2019-11-16");
INSERT INTO rating VALUES (3, 3, 1, 4, 3, 8, 9, true, 7, 6, "It was grassy, but okay", "2019-12-5", "2019-12-5");
INSERT INTO rating VALUES (4, 2, 1, 1, 1, 1, 1, true, 1, 4, "I had fun", "2019-11-16", "2019-11-16");
INSERT INTO rating VALUES (4, 3, 1, 5, 5, 4, 1, true, 2, 4, "I had some fun but not all the fun", "2019-11-20", "2019-11-20");
INSERT INTO rating VALUES (5, 2, 5, 7, 3, 8, 5, true, 9, 3, "It was dirty, but okay", "2019-11-16", "2019-11-16");
INSERT INTO rating VALUES (5, 3, 5, 7, 6, 8, 6, true, 9, 6, "It was okay", "2019-11-16", "2019-11-16");
INSERT INTO rating VALUES (6, 3, 10, 10, 10, 10, 10, true, 10, 7, "It was good", "2019-11-16", "2019-11-16");
INSERT INTO rating VALUES (6, 2, 10, 8, 10, 8, 8, true, 10, 8, "It was awesome", "2019-11-16", "2019-11-16");
INSERT INTO rating VALUES (7, 3, 1, 1, 1, 1, 1, true, 1, 4, "I had fun", "2019-11-16", "2019-11-16");
INSERT INTO rating VALUES (7, 2, 2, 2, 2, 2, 2, true, 3, 3, "I played at the park", "2019-11-16", "2019-11-16");
INSERT INTO rating VALUES (8, 3, 5, 7, 3, 8, 5, true, 9, 3, "It was dirty, but okay", "2019-11-16", "2019-11-16");
INSERT INTO rating VALUES (8, 2, 5, 5, 3, 6, 5, true, 10, 4, "It was cool", "2019-11-16", "2019-11-16");
INSERT INTO rating VALUES (9, 3, 10, 10, 10, 10, 10, true, 10, 7, "It was good", "2019-11-16", "2019-11-16");
INSERT INTO rating VALUES (9, 2, 9, 10, 9, 10, 9, true, 10, 8, "It was fun", "2019-11-16", "2019-11-16");
INSERT INTO rating VALUES (10, 2, 2, 2, 4, 3, 2, true, 3, 4, "Clean park", "2019-11-16", "2019-11-16");
INSERT INTO rating VALUES (10, 3, 1, 1, 1, 1, 1, true, 1, 4, "I had fun", "2019-11-16", "2019-11-16");
INSERT INTO rating VALUES (11, 2, 4, 7, 6, 8, 5, true, 9, 5, "It was dirty, but okay", "2019-11-16", "2019-11-16");
INSERT INTO rating VALUES (11, 3, 5, 7, 3, 8, 7, true, 9, 3, "It was boring, but okay", "2019-11-16", "2019-11-16");
DROP TABLE IF EXISTS avgRating;
CREATE TABLE avgRating (park_id INT, accessibilityAVG INT, atmosphereAVG INT,noiseAVG INT,cleanlinessAVG INT,equipmentAVG INT, pet_friendlinessAVG INT, crowdAVG INT, PRIMARY KEY(park_id));
INSERT INTO avgRating (park_id, accessibilityAVG, atmosphereAVG, noiseAVG, cleanlinessAVG, equipmentAVG, pet_friendlinessAVG, crowdAVG) SELECT rating.park_id, avg(accessibility), avg(atmosphere), avg(noise), avg(cleanliness), avg(equipment), avg(pet_friendliness), avg(crowd) FROM rating WHERE rating.park_id = 1;
INSERT INTO avgRating (park_id, accessibilityAVG, atmosphereAVG, noiseAVG, cleanlinessAVG, equipmentAVG, pet_friendlinessAVG, crowdAVG) SELECT rating.park_id, avg(accessibility), avg(atmosphere), avg(noise), avg(cleanliness), avg(equipment), avg(pet_friendliness), avg(crowd) FROM rating WHERE rating.park_id = 2;
INSERT INTO avgRating (park_id, accessibilityAVG, atmosphereAVG, noiseAVG, cleanlinessAVG, equipmentAVG, pet_friendlinessAVG, crowdAVG) SELECT rating.park_id, avg(accessibility), avg(atmosphere), avg(noise), avg(cleanliness), avg(equipment), avg(pet_friendliness), avg(crowd) FROM rating WHERE rating.park_id = 3;
INSERT INTO avgRating (park_id, accessibilityAVG, atmosphereAVG, noiseAVG, cleanlinessAVG, equipmentAVG, pet_friendlinessAVG, crowdAVG) SELECT rating.park_id, avg(accessibility), avg(atmosphere), avg(noise), avg(cleanliness), avg(equipment), avg(pet_friendliness), avg(crowd) FROM rating WHERE rating.park_id = 4;
INSERT INTO avgRating (park_id, accessibilityAVG, atmosphereAVG, noiseAVG, cleanlinessAVG, equipmentAVG, pet_friendlinessAVG, crowdAVG) SELECT rating.park_id, avg(accessibility), avg(atmosphere), avg(noise), avg(cleanliness), avg(equipment), avg(pet_friendliness), avg(crowd) FROM rating WHERE rating.park_id = 5;
INSERT INTO avgRating (park_id, accessibilityAVG, atmosphereAVG, noiseAVG, cleanlinessAVG, equipmentAVG, pet_friendlinessAVG, crowdAVG) SELECT rating.park_id, avg(accessibility), avg(atmosphere), avg(noise), avg(cleanliness), avg(equipment), avg(pet_friendliness), avg(crowd) FROM rating WHERE rating.park_id = 6;
INSERT INTO avgRating (park_id, accessibilityAVG, atmosphereAVG, noiseAVG, cleanlinessAVG, equipmentAVG, pet_friendlinessAVG, crowdAVG) SELECT rating.park_id, avg(accessibility), avg(atmosphere), avg(noise), avg(cleanliness), avg(equipment), avg(pet_friendliness), avg(crowd) FROM rating WHERE rating.park_id = 7;
INSERT INTO avgRating (park_id, accessibilityAVG, atmosphereAVG, noiseAVG, cleanlinessAVG, equipmentAVG, pet_friendlinessAVG, crowdAVG) SELECT rating.park_id, avg(accessibility), avg(atmosphere), avg(noise), avg(cleanliness), avg(equipment), avg(pet_friendliness), avg(crowd) FROM rating WHERE rating.park_id = 8;
INSERT INTO avgRating (park_id, accessibilityAVG, atmosphereAVG, noiseAVG, cleanlinessAVG, equipmentAVG, pet_friendlinessAVG, crowdAVG) SELECT rating.park_id, avg(accessibility), avg(atmosphere), avg(noise), avg(cleanliness), avg(equipment), avg(pet_friendliness), avg(crowd) FROM rating WHERE rating.park_id = 9;
INSERT INTO avgRating (park_id, accessibilityAVG, atmosphereAVG, noiseAVG, cleanlinessAVG, equipmentAVG, pet_friendlinessAVG, crowdAVG) SELECT rating.park_id, avg(accessibility), avg(atmosphere), avg(noise), avg(cleanliness), avg(equipment), avg(pet_friendliness), avg(crowd) FROM rating WHERE rating.park_id = 10;
INSERT INTO avgRating (park_id, accessibilityAVG, atmosphereAVG, noiseAVG, cleanlinessAVG, equipmentAVG, pet_friendlinessAVG, crowdAVG) SELECT rating.park_id, avg(accessibility), avg(atmosphere), avg(noise), avg(cleanliness), avg(equipment), avg(pet_friendliness), avg(crowd) FROM rating WHERE rating.park_id = 11;
DROP TABLE IF EXISTS favorites;
CREATE TABLE favorites (park_id INT, user_id INT, create_date DATETIME, update_date DATETIME, PRIMARY KEY(park_id, user_id));
INSERT INTO favorites VALUES (1, 1, "2019-11-16", "2019-11-16");
DROP TABLE IF EXISTS park;
CREATE TABLE park(park_id INT, park_name VARCHAR(100), park_supervisor_fname VARCHAR(50), park_supervisor_lname VARCHAR(50), address VARCHAR(50), city VARCHAR(50), state VARCHAR(20), zipcode CHAR(5), capacity INT, open_time TIME, close_time TIME, create_date DATETIME, update_date DATETIME, PRIMARY KEY(park_id));
INSERT INTO park VALUES (1, "Harry Moss", "Mark", "Lanson", "800 Greenville", "Dallas", "Texas", "75231", 1500, '08:00:00', '17:00:00', "2019-11-20", "2019-11-24");
INSERT INTO park VALUES (2, "Klyde Warren Park", "Albert", "Carlson","2012 Woodall Rodgers Fwy", "Dallas", "Texas", "75201", 1000, '06:00:00', '23:00:00', "2019-11-20", "2019-11-24");
INSERT INTO park VALUES (3, "Turtle Creek Park", "Don", "Burton", "3636 Turtle Creek Blvd.", "Dallas", "Texas", "75219", 1500, '06:00:00', '23:00:00', "2019-11-20", "2019-11-24");
INSERT INTO park VALUES (4, "Buckner (Samuell) Park", "Emily", "Roland", "4550 Worth Street", "Dallas", "Texas", "75201", 1000, '05:00:00', '23:00:00', "2019-11-20", "2019-11-24");
INSERT INTO park VALUES (5, "Griggs Park", "Jean", "Garza", "3200 Colby St", "Dallas", "Texas", "75204", 1500, '06:00:00', '23:00:00', "2019-11-20", "2019-11-24");
INSERT INTO park VALUES (6, "Reverchon Park", "Glenda", "Parks", "3505 Maple", "Dallas", "Texas", "75219", 1000, '09:00:00', '21:00:00', "2019-11-20", "2019-11-24");
INSERT INTO park VALUES (7, "Peter Pan Park", "Bobby", "Graves", "3802 Echobrook", "Dallas", "Texas", "75229", 1500, '08:00:00', '21:00:00', "2019-11-20", "2019-11-24");
INSERT INTO park VALUES (8, "Pike Park", "Sidney", "Palmer", "2807 Harry Hines", "Dallas", "Texas", "75201", 1000, '05:00:00', '24:00:00', "2019-11-20", "2019-11-24");
INSERT INTO park VALUES (9, "Randall Park", "Pete", "Washington", "100 South Glasgow", "Dallas", "Texas", "75201", 1500, '06:00:00', '23:00:00', "2019-11-20", "2019-11-24");
INSERT INTO park VALUES (10, "Lakewood Park", "Taylor", "Simpson", "7143 Williamson", "Dallas", "Texas", "75201", 1000, '05:00:00', '23:00:00', "2019-11-20", "2019-11-24");
INSERT INTO park VALUES (11, "Lakeland Hills Skate Park", "Thomas", "Walton", "8502 Hunnicut Road", "Dallas", "Texas", "75228", 1000, '07:00:00', '22:00:00', "2019-11-20", "2019-11-24");
DROP TABLE IF EXISTS incident;
CREATE TABLE incident (incident_id INT AUTO_INCREMENT, park_id INT, createdBy INT, incidentType INT, incidentDescription VARCHAR(200), incidentDate DATE, create_date DATETIME, update_date DATETIME, PRIMARY KEY(incident_id, park_id));
INSERT INTO incident (park_id, createdBy, incidentType, incidentDescription, incidentDate, create_date, update_date) VALUES (2, 1, 3, "There was a pickpocketing incident near the river at the this park", "2019-11-18", "2019-11-20", "2019-11-20");
INSERT INTO incident (park_id, createdBy, incidentType, incidentDescription, incidentDate, create_date, update_date) VALUES (2, 4, 3, "There was a fight that broke out ", "2019-11-18", "2019-11-20", "2019-11-20");
DROP TABLE IF EXISTS incidentTypes;
CREATE TABLE incidentTypes (incidentType INT, typeDescription VARCHAR(50), create_date DATETIME, update_date DATETIME, PRIMARY KEY (incidentType));
INSERT INTO incidentTypes VALUES (1, "Vandalism", "2019-11-24", "2019-11-24");
INSERT INTO incidentTypes VALUES (2, "Drugs", "2019-11-24", "2019-11-24");
INSERT INTO incidentTypes VALUES (3, "Theft", "2019-11-24", "2019-11-24");
INSERT INTO incidentTypes VALUES (4, "Assault", "2019-11-24", "2019-11-24");
INSERT INTO incidentTypes VALUES (5, "Sexual Assault", "2019-11-24", "2019-11-24");
INSERT INTO incidentTypes VALUES (6, "Kidnapping", "2019-11-24", "2019-11-24");
INSERT INTO incidentTypes VALUES (7, "Homicide", "2019-11-24", "2019-11-24");
INSERT INTO incidentTypes VALUES (8, "Pervert", "2019-11-24", "2019-11-24");
DROP TABLE IF EXISTS petAmenities;
CREATE TABLE petAmenities (park_id INT, doggie_bags BOOLEAN, water BOOLEAN, trashcans BOOLEAN, fenced_area BOOLEAN, leash_required BOOLEAN, create_date DATETIME, update_date DATETIME, PRIMARY KEY(park_id));
INSERT INTO petAmenities VALUES (1, false, false, false, false, false, "2019-11-21", "2019-11-24");
INSERT INTO petAmenities VALUES (2, true, true, true, true, false, "2019-11-21", "2019-11-21");
INSERT INTO petAmenities VALUES (3, false, true, true, false, false, "2019-11-21", "2019-11-21");
INSERT INTO petAmenities VALUES (4, true, false, true, false, true, "2019-11-21", "2019-11-21");
INSERT INTO petAmenities VALUES (5, true, true, true, true, false, "2019-11-21", "2019-11-21");
INSERT INTO petAmenities VALUES (6, true, true, true, false, false, "2019-11-21", "2019-11-21");
INSERT INTO petAmenities VALUES (7, false, false, false, false, false, "2019-11-21", "2019-11-24");
INSERT INTO petAmenities VALUES (8, true, true, true, true, false, "2019-11-21", "2019-11-21");
INSERT INTO petAmenities VALUES (9, true, true, true, true, false, "2019-11-21", "2019-11-21");
INSERT INTO petAmenities VALUES (10, true, true, true, false, false, "2019-11-21", "2019-11-21");
INSERT INTO petAmenities VALUES (11, false, false, false, false, false, "2019-11-21", "2019-11-24");
DROP TABLE IF EXISTS services;
CREATE TABLE services (park_id INT, police_id INT(3), care_id INT(3), fire_id INT(3), care_dist INT(3), police_dist INT(3), fire_dist INT(3), PRIMARY KEY(park_id));
INSERT INTO services VALUES (1, 5, 12, 1, 5, 9, 11);
INSERT INTO services VALUES (2, 1, 6, 20, 2, 4, 7);
INSERT INTO services VALUES (3, 3, 1, 35, 8, 5, 8);
INSERT INTO services VALUES (4, 2, 8, 21, 5, 9, 4);
INSERT INTO services VALUES (5, 7, 9, 12, 4, 7, 2);
INSERT INTO services VALUES (6, 6, 2, 10, 6, 16, 6);
INSERT INTO services VALUES (7, 8, 3, 29, 2, 10, 4);
INSERT INTO services VALUES (8, 4, 6, 41, 7, 3, 5);
INSERT INTO services VALUES (9, 3, 4, 31, 5, 6, 7);
INSERT INTO services VALUES (10, 2, 11, 27, 6, 6, 3);
INSERT INTO services VALUES (11, 6, 5, 3, 8, 9, 5);
DROP TABLE IF EXISTS policeStations;
CREATE TABLE policeStations (police_id INT, police_name VARCHAR(50), police_address VARCHAR(50), police_zip VARCHAR(5), police_phoneNum VARCHAR(12), PRIMARY KEY(police_id));
INSERT INTO policeStations VALUES (1, "Jack Evans Police Headquarters", "1400 S. Lamar St.", "75215", "214-671-3001");
INSERT INTO policeStations VALUES (2, "Southeast Operations Division", "725 North Jim Miller Rd.", "75217", "214-670-8345");
INSERT INTO policeStations VALUES (3, "Northwest Operations Division", "9801 Harry Hines Blvd.", "75220", "214-670-6178");
INSERT INTO policeStations VALUES (4, "Northeast Operations Division", "9915 East Northwest Highway", "75238", "214-670-4415");
INSERT INTO policeStations VALUES (5, "North Central Division", "6969 McCallum Blvd.", "75252", "214-670-7253");
INSERT INTO policeStations VALUES (6, "South Central Division", "1999 East Camp Wisdom Road", "75241", "214-671-4500");
INSERT INTO policeStations VALUES (7, "Southwest Patrol Division", "4230 West Illinois Ave.", "75211", "214-670-7470");
INSERT INTO policeStations VALUES (8, "Central Operations Division", "334 S. Hall St.", "75226", "214-670-4413");
DROP TABLE IF EXISTS fireStations;
CREATE TABLE fireStations (fire_id INT, fire_stationNo INT, fire_address VARCHAR(50), fire_zip INT, PRIMARY KEY(fire_id));
INSERT INTO fireStations VALUES (1, 1, "1901 Irving Blvd.", 75207);
INSERT INTO fireStations VALUES (2, 2, "4211 Northaven Rd.",75229 );
INSERT INTO fireStations VALUES (3, 3, "500 Malcom X Blvd.", 75226);
INSERT INTO fireStations VALUES (4, 4, "816 S. Akard St.", 75202);
INSERT INTO fireStations VALUES (5, 5, "2039 N. St. Augustine Dr.", 75217);
INSERT INTO fireStations VALUES (6, 6, "2301 Pennsylvania Ave.", 75215);
INSERT INTO fireStations VALUES (7, 7, "6010 Davenport Rd.", 75287);
INSERT INTO fireStations VALUES (8, 8, "1904 N. Garrett Ave.", 75206);
INSERT INTO fireStations VALUES (9, 9, "2002 Cool Mist Ln.", 75253);
INSERT INTO fireStations VALUES (10, 10, "4451 Frankford Rd.", 75287);
INSERT INTO fireStations VALUES (11, 11, "3828 Cedar Springs Rd.", 75219);
INSERT INTO fireStations VALUES (12, 12, "7520 Wheatland Rd.", 75249);
INSERT INTO fireStations VALUES (13, 13, "6902 Frankford Rd.", 75252);
INSERT INTO fireStations VALUES (14, 14, "1005 W. 12th St.", 75208);
INSERT INTO fireStations VALUES (15, 15, "111 E. 8th St.", 75203);
INSERT INTO fireStations VALUES (16, 16, "2616 Chalk Hill Rd.", 75212);
INSERT INTO fireStations VALUES (17, 17, "6045 Belmont Ave.", 75206);
INSERT INTO fireStations VALUES (18, 18, "660 N. Griffin Blvd.", 75202);
INSERT INTO fireStations VALUES (19, 19, "5600 East Grand Ave.", 75223);
INSERT INTO fireStations VALUES (20, 20, "12727 Montfort Dr.", 75230);
INSERT INTO fireStations VALUES (21, 21, "3210 Love Field Dr.", 75235);
INSERT INTO fireStations VALUES (22, 22, "12200 Coit Rd.", 75230);
INSERT INTO fireStations VALUES (23, 23, "1660 Corinth Street Rd.", 75203);
INSERT INTO fireStations VALUES (24, 24, "2426 Elsie Faye Heggins St.", 75215);
INSERT INTO fireStations VALUES (25, 25, "2113 56th St.", 75216);
INSERT INTO fireStations VALUES (26, 26, "3303 Sheldon Ave.", 75211);
INSERT INTO fireStations VALUES (27, 27, "8401 Douglas Ave.", 75225);
INSERT INTO fireStations VALUES (28, 28, "8701 Greenville Ave.", 75243);
INSERT INTO fireStations VALUES (29, 29, "9830 Shadow Way", 75243);
INSERT INTO fireStations VALUES (30, 30, "11381 Zodiac Ln.", 75229);
INSERT INTO fireStations VALUES (31, 31, "9365 Garland Rd.", 75218);
INSERT INTO fireStations VALUES (32, 32, "4262 N. Jim Miller Rd.", 75227);
INSERT INTO fireStations VALUES (33, 33, "754 W. Illinois Rd.", 75224);
INSERT INTO fireStations VALUES (34, 34, "1234 Carbona Dr.", 75217);
INSERT INTO fireStations VALUES (35, 35, "3839 Walnut Hill Ln.", 75229);
INSERT INTO fireStations VALUES (36, 36, "3241 N. Hampton Rd.", 75212);
INSERT INTO fireStations VALUES (37, 37, "6780 Greenville Ave.", 75231);
INSERT INTO fireStations VALUES (38, 38, "2839 Wilhurt Ave.", 75216);
INSERT INTO fireStations VALUES (39, 39, "2850 Ruidosa", 75228);
INSERT INTO fireStations VALUES (40, 40, "2440 Kirnwood Dr.", 75237);
INSERT INTO fireStations VALUES (41, 41, "5920 Royal Ln.", 75230);
INSERT INTO fireStations VALUES (42, 42, "3333 W. Mockingbird Ln.", 75235);
DROP TABLE IF EXISTS careFacilities;
CREATE TABLE careFacilities (care_id INT, care_name VARCHAR(50),care_address VARCHAR(50), care_city VARCHAR(15), care_zipcode int(5), care_phoneNum VARCHAR(12), PRIMARY KEY(care_id));
INSERT INTO careFacilities VALUES (1, "City Hospital Emergency Care Center", "3400 Gus Thomasson Rd", "Dallas", 75150, "972-598-0910");
INSERT INTO careFacilities VALUES (2, "Medical City Dallas Hopsital", "7777 Forest Lane", "Dallas", 75230, "972-566-7000");
INSERT INTO careFacilities VALUES (3, "Texas Health Presbyterian Hospital", "8200 Walnut Hill Ln", "Dallas", 75231, "214-345-6789");
INSERT INTO careFacilities VALUES (4, "Baylor University Medical Center", "3500 Gaston Ave", "Dallas", 75246, "214-820-0111");
INSERT INTO careFacilities VALUES (5, "Kindred Hospital", "9525 Greenville Ave", "Dallas", 75243, "214-355-2600");
INSERT INTO careFacilities VALUES (6, "Baylor Scott & White Heart and Vascular Hospital", "621 N Hall St", "Dallas", 75226, "214-820-0600");
INSERT INTO careFacilities VALUES (7, "LifeCare Hospital", "1950 Record Crossing Rd", "Dallas", 75235, "214-640-9600");
INSERT INTO careFacilities VALUES (8, "Promise Hospital", "7955 Harry Hines Blvd", "Dallas", 75235, "214-583-6806");
INSERT INTO careFacilities VALUES (9, "Texas Scottis Rite Childeren's Hospital", "2222 Welborn St", "Dallas", 75219, "214-559-5000");
INSERT INTO careFacilities VALUES (10, "Dallas Hospital", "9440 Poppy Dr", "Dallas", 75218, "NA");
INSERT INTO careFacilities VALUES (11, "Dallas Medical Center", "7 MEdical Pkwy", "Farmers Branch", 75234, "972-888-7000");
INSERT INTO careFacilities VALUES (12, "Medical City Green Oaks Hospital", "7808 Clodus Fields Dr", "Dallas", 75251, "972-991-9504");
DROP TABLE IF EXISTS sexOffenders;
CREATE TABLE sexOffenders (offender_id INT, f_name VARCHAR(50), l_name VARCHAR(50), street VARCHAR(50), city VARCHAR(50), state CHAR(2), zipcode INT(5), repeat_offender BOOLEAN, PRIMARY KEY(offender_id));
INSERT INTO sexOffenders VALUES (1, "James", "Abell", "7510 Holly Hill Dr Apt 129", "Dallas", "TX", 75231, false);
INSERT INTO sexOffenders VALUES (2, "George", "Trevino", "5811 Pineland Dr Apt 3129", "Dallas", "TX", 75231, false);
INSERT INTO sexOffenders VALUES (3, "Daniel", "Chavez", "5750 Phoenix Dr Apt 23", "Dallas", "TX", 75231, false);
INSERT INTO sexOffenders VALUES (4, "Aaron", "Wallace", "5829 Phoenix Dr Apt 104", "Dallas", "TX", 75231, true);
INSERT INTO sexOffenders VALUES (5, "Stephen", "Adams", "1623 Main St Apt 801", "Dallas", "TX", 75201, false);
INSERT INTO sexOffenders VALUES (6, "Abel", "Sanabria Jr", "311 N Market St", "Dallas", "TX", 75202, false);
INSERT INTO sexOffenders VALUES (7, "Larry", "Whitcher", "2711 Hood Street Apt I", "Dallas", "TX", 75219, true);
INSERT INTO sexOffenders VALUES (8, "Brandon", "Albus", "3321 Oak Grove Ave Apt C", "Dallas", "TX", 75204, false);
INSERT INTO sexOffenders VALUES (9, "Marcus", "Wilson", "316 N Carroll Ave", "Dallas", "TX", 75246, false);
INSERT INTO sexOffenders VALUES (10, "Calvin", "Brown", "4626 Reiger Ave Apt 10", "Dallas", "TX", 75246, false);
INSERT INTO sexOffenders VALUES (11, "Glen", "Jaekel", "4726 Reiger Ave Apt 201", "Dallas", "TX", 75246, true);
INSERT INTO sexOffenders VALUES (12, "Eric", "Lofton", "4603 Junius St Apt 4", "Dallas", "TX", 75246, true);
INSERT INTO sexOffenders VALUES (13, "Dillard", "Stidham", "723 N Peak St", "Dallas", "TX", 75246, true);
INSERT INTO sexOffenders VALUES (14, "James", "Myles", "1010 Allen St Apt 213", "Dallas", "TX", 75204, false);
INSERT INTO sexOffenders VALUES (15, "John", "Rodrigues", "906 Alen St Apt 1511", "Dallas", "TX", 75204, false);
INSERT INTO sexOffenders VALUES (16, "Rudy", "Lucio", "2327 Knight St", "Dallas", "TX", 75219, false);
INSERT INTO sexOffenders VALUES (17, "Matthew", "Sanders", "409 Martinique Ave", "Dallas", "TX", 75223, false);
INSERT INTO sexOffenders VALUES (18, "Martin", "Garcia", "404 Cameron Ave", "Dallas", "TX", 75223, false);
INSERT INTO sexOffenders VALUES (19, "Robert", "Moses", "5639 Alton Ave Unit 1", "Dallas", "TX", 75223, true);
INSERT INTO sexOffenders VALUES (20, "Shawn", "Allen", "8628 Ashcroft Ave", "Dallas", "TX", 75243, true);
INSERT INTO sexOffenders VALUES (21, "Steven", "Tate", "6133 Reiger Ave", "Dallas", "TX", 75214, false);
INSERT INTO sexOffenders VALUES (22, "Paul", "Janecka", "8429 Suncrest Dr", "Dallas", "TX", 75228, false);
INSERT INTO sexOffenders VALUES (23, "Elmer", "Brown", "8411 Londonderry Ln", "Dallas", "TX", 75228, false);
INSERT INTO sexOffenders VALUES (24, "Jeffery", "Michnal", "8508 Bellingham", "Dallas", "TX", 75228, false);
DROP TABLE IF EXISTS offenderLocation;
CREATE TABLE offenderLocation (park_id INT, offender_id INT, create_date DATETIME, update_date DATETIME);
INSERT INTO offenderLocation VALUES (1, 1, "2019-12-02", "2019-12-02");
INSERT INTO offenderLocation VALUES (1, 2, "2019-12-02", "2019-12-02");
INSERT INTO offenderLocation VALUES (1, 3, "2019-12-03", "2019-12-03");
INSERT INTO offenderLocation VALUES (1, 4, "2019-12-03", "2019-12-03");
INSERT INTO offenderLocation VALUES (2, 5, "2019-12-03", "2019-12-03");
INSERT INTO offenderLocation VALUES (2, 6, "2019-12-03", "2019-12-03");
INSERT INTO offenderLocation VALUES (3, 7, "2019-12-03", "2019-12-03");
INSERT INTO offenderLocation VALUES (3, 8, "2019-12-03", "2019-12-03");
INSERT INTO offenderLocation VALUES (4, 9, "2019-12-03", "2019-12-03");
INSERT INTO offenderLocation VALUES (4, 10, "2019-12-03", "2019-12-03");
INSERT INTO offenderLocation VALUES (4, 11, "2019-12-03", "2019-12-03");
INSERT INTO offenderLocation VALUES (4, 12, "2019-12-03", "2019-12-03");
INSERT INTO offenderLocation VALUES (4, 13, "2019-12-03", "2019-12-03");
INSERT INTO offenderLocation VALUES (5, 14, "2019-12-03", "2019-12-03");
INSERT INTO offenderLocation VALUES (5, 15, "2019-12-03", "2019-12-03");
INSERT INTO offenderLocation VALUES (6, 16, "2019-12-03", "2019-12-03");
INSERT INTO offenderLocation VALUES (6, 7, "2019-12-03", "2019-12-03");
INSERT INTO offenderLocation VALUES (8, 20, "2019-12-03", "2019-12-03");
INSERT INTO offenderLocation VALUES (9, 17, "2019-12-03", "2019-12-03");
INSERT INTO offenderLocation VALUES (9, 18, "2019-12-03", "2019-12-03");
INSERT INTO offenderLocation VALUES (9, 19, "2019-12-03", "2019-12-03");
INSERT INTO offenderLocation VALUES (10, 21, "2019-12-03", "2019-12-03");
INSERT INTO offenderLocation VALUES (11, 22, "2019-12-03", "2019-12-03");
INSERT INTO offenderLocation VALUES (11, 23, "2019-12-03", "2019-12-03");
INSERT INTO offenderLocation VALUES (11, 24, "2019-12-03", "2019-12-03");
